{
  "total_pessoas": 24.000000e9,
  "tempo_medio": 300
  "total_pessoas_mundo": 10.3000000e9
}
